source_id	derivative_id	subject_id	session_id	output_num	output_size	nifti_num	nifti_size	html_num
ds003097	MRIQC-22.0.1	sub-0001	n/a	4	0	0	0	0
ds003097	MRIQC-22.0.1	sub-0002	n/a	4	0	0	0	0
ds003097	MRIQC-22.0.1	sub-0003	n/a	4	0	0	0	0
ds003097	MRIQC-22.0.1	sub-0004	n/a	4	0	0	0	0
ds003097	MRIQC-22.0.1	sub-0005	n/a	4	0	0	0	0
ds003097	MRIQC-22.0.1	sub-0006	n/a	4	0	0	0	0
ds003097	MRIQC-22.0.1	sub-0007	n/a	4	0	0	0	0
ds003097	MRIQC-22.0.1	sub-0008	n/a	4	0	0	0	0
ds003097	MRIQC-22.0.1	sub-0009	n/a	3	0	0	0	0
ds003097	MRIQC-22.0.1	sub-0010	n/a	4	0	0	0	0
ds003097	MRIQC-22.0.1	sub-0011	n/a	4	0	0	0	0
ds003097	MRIQC-22.0.1	sub-0012	n/a	4	0	0	0	0
ds003097	MRIQC-22.0.1	sub-0013	n/a	4	0	0	0	0
ds003097	MRIQC-22.0.1	sub-0014	n/a	4	0	0	0	0
ds003097	MRIQC-22.0.1	sub-0015	n/a	4	0	0	0	0
ds003097	MRIQC-22.0.1	sub-0016	n/a	4	0	0	0	0
ds003097	MRIQC-22.0.1	sub-0017	n/a	4	0	0	0	0
ds003097	MRIQC-22.0.1	sub-0018	n/a	4	0	0	0	0
ds003097	MRIQC-22.0.1	sub-0019	n/a	3	0	0	0	0
ds003097	MRIQC-22.0.1	sub-0020	n/a	3	0	0	0	0
ds003097	MRIQC-22.0.1	sub-0021	n/a	4	0	0	0	0
ds003097	MRIQC-22.0.1	sub-0022	n/a	4	0	0	0	0
ds003097	MRIQC-22.0.1	sub-0023	n/a	3	0	0	0	0
ds003097	MRIQC-22.0.1	sub-0024	n/a	4	0	0	0	0
ds003097	MRIQC-22.0.1	sub-0025	n/a	4	0	0	0	0
ds003097	MRIQC-22.0.1	sub-0026	n/a	3	0	0	0	0
ds003097	MRIQC-22.0.1	sub-0027	n/a	4	0	0	0	0
ds003097	MRIQC-22.0.1	sub-0028	n/a	3	0	0	0	0
ds003097	MRIQC-22.0.1	sub-0029	n/a	4	0	0	0	0
ds003097	MRIQC-22.0.1	sub-0030	n/a	4	0	0	0	0
ds003097	MRIQC-22.0.1	sub-0031	n/a	4	0	0	0	0
ds003097	MRIQC-22.0.1	sub-0032	n/a	4	0	0	0	0
ds003097	MRIQC-22.0.1	sub-0033	n/a	4	0	0	0	0
ds003097	MRIQC-22.0.1	sub-0034	n/a	4	0	0	0	0
ds003097	MRIQC-22.0.1	sub-0035	n/a	4	0	0	0	0
ds003097	MRIQC-22.0.1	sub-0036	n/a	4	0	0	0	0
ds003097	MRIQC-22.0.1	sub-0037	n/a	4	0	0	0	0
ds003097	MRIQC-22.0.1	sub-0038	n/a	4	0	0	0	0
ds003097	MRIQC-22.0.1	sub-0039	n/a	4	0	0	0	0
ds003097	MRIQC-22.0.1	sub-0040	n/a	4	0	0	0	0
ds003097	MRIQC-22.0.1	sub-0041	n/a	3	0	0	0	0
ds003097	MRIQC-22.0.1	sub-0042	n/a	4	0	0	0	0
ds003097	MRIQC-22.0.1	sub-0043	n/a	4	0	0	0	0
ds003097	MRIQC-22.0.1	sub-0044	n/a	4	0	0	0	0
ds003097	MRIQC-22.0.1	sub-0045	n/a	4	0	0	0	0
ds003097	MRIQC-22.0.1	sub-0046	n/a	4	0	0	0	0
ds003097	MRIQC-22.0.1	sub-0047	n/a	4	0	0	0	0
ds003097	MRIQC-22.0.1	sub-0048	n/a	4	0	0	0	0
ds003097	MRIQC-22.0.1	sub-0049	n/a	4	0	0	0	0
ds003097	MRIQC-22.0.1	sub-0050	n/a	4	0	0	0	0
ds003097	MRIQC-22.0.1	sub-0051	n/a	4	0	0	0	0
ds003097	MRIQC-22.0.1	sub-0052	n/a	4	0	0	0	0
ds003097	MRIQC-22.0.1	sub-0053	n/a	4	0	0	0	0
ds003097	MRIQC-22.0.1	sub-0054	n/a	4	0	0	0	0
ds003097	MRIQC-22.0.1	sub-0055	n/a	4	0	0	0	0
ds003097	MRIQC-22.0.1	sub-0056	n/a	3	0	0	0	0
ds003097	MRIQC-22.0.1	sub-0057	n/a	4	0	0	0	0
ds003097	MRIQC-22.0.1	sub-0058	n/a	4	0	0	0	0
ds003097	MRIQC-22.0.1	sub-0059	n/a	4	0	0	0	0
ds003097	MRIQC-22.0.1	sub-0060	n/a	4	0	0	0	0
ds003097	MRIQC-22.0.1	sub-0061	n/a	3	0	0	0	0
ds003097	MRIQC-22.0.1	sub-0062	n/a	4	0	0	0	0
ds003097	MRIQC-22.0.1	sub-0063	n/a	4	0	0	0	0
ds003097	MRIQC-22.0.1	sub-0064	n/a	4	0	0	0	0
ds003097	MRIQC-22.0.1	sub-0065	n/a	4	0	0	0	0
ds003097	MRIQC-22.0.1	sub-0066	n/a	4	0	0	0	0
ds003097	MRIQC-22.0.1	sub-0067	n/a	4	0	0	0	0
ds003097	MRIQC-22.0.1	sub-0068	n/a	4	0	0	0	0
ds003097	MRIQC-22.0.1	sub-0069	n/a	4	0	0	0	0
ds003097	MRIQC-22.0.1	sub-0070	n/a	4	0	0	0	0
ds003097	MRIQC-22.0.1	sub-0071	n/a	4	0	0	0	0
ds003097	MRIQC-22.0.1	sub-0072	n/a	4	0	0	0	0
ds003097	MRIQC-22.0.1	sub-0073	n/a	4	0	0	0	0
ds003097	MRIQC-22.0.1	sub-0074	n/a	4	0	0	0	0
ds003097	MRIQC-22.0.1	sub-0075	n/a	4	0	0	0	0
ds003097	MRIQC-22.0.1	sub-0076	n/a	4	0	0	0	0
ds003097	MRIQC-22.0.1	sub-0077	n/a	4	0	0	0	0
ds003097	MRIQC-22.0.1	sub-0078	n/a	4	0	0	0	0
ds003097	MRIQC-22.0.1	sub-0079	n/a	4	0	0	0	0
ds003097	MRIQC-22.0.1	sub-0080	n/a	4	0	0	0	0
ds003097	MRIQC-22.0.1	sub-0081	n/a	4	0	0	0	0
ds003097	MRIQC-22.0.1	sub-0082	n/a	4	0	0	0	0
ds003097	MRIQC-22.0.1	sub-0083	n/a	4	0	0	0	0
ds003097	MRIQC-22.0.1	sub-0084	n/a	4	0	0	0	0
ds003097	MRIQC-22.0.1	sub-0085	n/a	4	0	0	0	0
ds003097	MRIQC-22.0.1	sub-0086	n/a	4	0	0	0	0
ds003097	MRIQC-22.0.1	sub-0087	n/a	4	0	0	0	0
ds003097	MRIQC-22.0.1	sub-0088	n/a	4	0	0	0	0
ds003097	MRIQC-22.0.1	sub-0089	n/a	4	0	0	0	0
ds003097	MRIQC-22.0.1	sub-0090	n/a	4	0	0	0	0
ds003097	MRIQC-22.0.1	sub-0091	n/a	4	0	0	0	0
ds003097	MRIQC-22.0.1	sub-0092	n/a	4	0	0	0	0
ds003097	MRIQC-22.0.1	sub-0093	n/a	3	0	0	0	0
ds003097	MRIQC-22.0.1	sub-0094	n/a	4	0	0	0	0
ds003097	MRIQC-22.0.1	sub-0095	n/a	4	0	0	0	0
ds003097	MRIQC-22.0.1	sub-0096	n/a	4	0	0	0	0
ds003097	MRIQC-22.0.1	sub-0097	n/a	4	0	0	0	0
ds003097	MRIQC-22.0.1	sub-0098	n/a	4	0	0	0	0
ds003097	MRIQC-22.0.1	sub-0099	n/a	4	0	0	0	0
ds003097	MRIQC-22.0.1	sub-0100	n/a	4	0	0	0	0
ds003097	MRIQC-22.0.1	sub-0101	n/a	3	0	0	0	0
ds003097	MRIQC-22.0.1	sub-0102	n/a	4	0	0	0	0
ds003097	MRIQC-22.0.1	sub-0103	n/a	4	0	0	0	0
ds003097	MRIQC-22.0.1	sub-0104	n/a	4	0	0	0	0
ds003097	MRIQC-22.0.1	sub-0105	n/a	4	0	0	0	0
ds003097	MRIQC-22.0.1	sub-0106	n/a	4	0	0	0	0
ds003097	MRIQC-22.0.1	sub-0107	n/a	4	0	0	0	0
ds003097	MRIQC-22.0.1	sub-0108	n/a	4	0	0	0	0
ds003097	MRIQC-22.0.1	sub-0109	n/a	4	0	0	0	0
ds003097	MRIQC-22.0.1	sub-0110	n/a	4	0	0	0	0
ds003097	MRIQC-22.0.1	sub-0111	n/a	4	0	0	0	0
ds003097	MRIQC-22.0.1	sub-0112	n/a	4	0	0	0	0
ds003097	MRIQC-22.0.1	sub-0113	n/a	4	0	0	0	0
ds003097	MRIQC-22.0.1	sub-0114	n/a	4	0	0	0	0
ds003097	MRIQC-22.0.1	sub-0115	n/a	4	0	0	0	0
ds003097	MRIQC-22.0.1	sub-0116	n/a	4	0	0	0	0
ds003097	MRIQC-22.0.1	sub-0117	n/a	4	0	0	0	0
ds003097	MRIQC-22.0.1	sub-0118	n/a	4	0	0	0	0
ds003097	MRIQC-22.0.1	sub-0119	n/a	3	0	0	0	0
ds003097	MRIQC-22.0.1	sub-0120	n/a	4	0	0	0	0
ds003097	MRIQC-22.0.1	sub-0121	n/a	4	0	0	0	0
ds003097	MRIQC-22.0.1	sub-0122	n/a	4	0	0	0	0
ds003097	MRIQC-22.0.1	sub-0123	n/a	4	0	0	0	0
ds003097	MRIQC-22.0.1	sub-0124	n/a	4	0	0	0	0
ds003097	MRIQC-22.0.1	sub-0125	n/a	4	0	0	0	0
ds003097	MRIQC-22.0.1	sub-0126	n/a	4	0	0	0	0
ds003097	MRIQC-22.0.1	sub-0127	n/a	3	0	0	0	0
ds003097	MRIQC-22.0.1	sub-0128	n/a	4	0	0	0	0
ds003097	MRIQC-22.0.1	sub-0129	n/a	4	0	0	0	0
ds003097	MRIQC-22.0.1	sub-0130	n/a	4	0	0	0	0
ds003097	MRIQC-22.0.1	sub-0131	n/a	4	0	0	0	0
ds003097	MRIQC-22.0.1	sub-0132	n/a	4	0	0	0	0
ds003097	MRIQC-22.0.1	sub-0133	n/a	4	0	0	0	0
ds003097	MRIQC-22.0.1	sub-0134	n/a	4	0	0	0	0
ds003097	MRIQC-22.0.1	sub-0135	n/a	4	0	0	0	0
ds003097	MRIQC-22.0.1	sub-0136	n/a	4	0	0	0	0
ds003097	MRIQC-22.0.1	sub-0137	n/a	4	0	0	0	0
ds003097	MRIQC-22.0.1	sub-0138	n/a	4	0	0	0	0
ds003097	MRIQC-22.0.1	sub-0139	n/a	4	0	0	0	0
ds003097	MRIQC-22.0.1	sub-0140	n/a	4	0	0	0	0
ds003097	MRIQC-22.0.1	sub-0141	n/a	4	0	0	0	0
ds003097	MRIQC-22.0.1	sub-0142	n/a	4	0	0	0	0
ds003097	MRIQC-22.0.1	sub-0143	n/a	4	0	0	0	0
ds003097	MRIQC-22.0.1	sub-0144	n/a	3	0	0	0	0
ds003097	MRIQC-22.0.1	sub-0145	n/a	4	0	0	0	0
ds003097	MRIQC-22.0.1	sub-0146	n/a	4	0	0	0	0
ds003097	MRIQC-22.0.1	sub-0147	n/a	4	0	0	0	0
ds003097	MRIQC-22.0.1	sub-0148	n/a	4	0	0	0	0
ds003097	MRIQC-22.0.1	sub-0149	n/a	4	0	0	0	0
ds003097	MRIQC-22.0.1	sub-0150	n/a	4	0	0	0	0
ds003097	MRIQC-22.0.1	sub-0151	n/a	4	0	0	0	0
ds003097	MRIQC-22.0.1	sub-0152	n/a	4	0	0	0	0
ds003097	MRIQC-22.0.1	sub-0153	n/a	4	0	0	0	0
ds003097	MRIQC-22.0.1	sub-0154	n/a	4	0	0	0	0
ds003097	MRIQC-22.0.1	sub-0155	n/a	4	0	0	0	0
ds003097	MRIQC-22.0.1	sub-0156	n/a	4	0	0	0	0
ds003097	MRIQC-22.0.1	sub-0157	n/a	4	0	0	0	0
ds003097	MRIQC-22.0.1	sub-0158	n/a	4	0	0	0	0
ds003097	MRIQC-22.0.1	sub-0159	n/a	4	0	0	0	0
ds003097	MRIQC-22.0.1	sub-0160	n/a	4	0	0	0	0
ds003097	MRIQC-22.0.1	sub-0161	n/a	4	0	0	0	0
ds003097	MRIQC-22.0.1	sub-0162	n/a	4	0	0	0	0
ds003097	MRIQC-22.0.1	sub-0163	n/a	4	0	0	0	0
ds003097	MRIQC-22.0.1	sub-0164	n/a	4	0	0	0	0
ds003097	MRIQC-22.0.1	sub-0165	n/a	4	0	0	0	0
ds003097	MRIQC-22.0.1	sub-0166	n/a	4	0	0	0	0
ds003097	MRIQC-22.0.1	sub-0167	n/a	4	0	0	0	0
ds003097	MRIQC-22.0.1	sub-0168	n/a	4	0	0	0	0
ds003097	MRIQC-22.0.1	sub-0169	n/a	4	0	0	0	0
ds003097	MRIQC-22.0.1	sub-0170	n/a	4	0	0	0	0
ds003097	MRIQC-22.0.1	sub-0171	n/a	4	0	0	0	0
ds003097	MRIQC-22.0.1	sub-0172	n/a	4	0	0	0	0
ds003097	MRIQC-22.0.1	sub-0173	n/a	4	0	0	0	0
ds003097	MRIQC-22.0.1	sub-0174	n/a	3	0	0	0	0
ds003097	MRIQC-22.0.1	sub-0175	n/a	4	0	0	0	0
ds003097	MRIQC-22.0.1	sub-0176	n/a	4	0	0	0	0
ds003097	MRIQC-22.0.1	sub-0177	n/a	3	0	0	0	0
ds003097	MRIQC-22.0.1	sub-0178	n/a	4	0	0	0	0
ds003097	MRIQC-22.0.1	sub-0179	n/a	4	0	0	0	0
ds003097	MRIQC-22.0.1	sub-0180	n/a	4	0	0	0	0
ds003097	MRIQC-22.0.1	sub-0181	n/a	4	0	0	0	0
ds003097	MRIQC-22.0.1	sub-0182	n/a	4	0	0	0	0
ds003097	MRIQC-22.0.1	sub-0183	n/a	4	0	0	0	0
ds003097	MRIQC-22.0.1	sub-0184	n/a	4	0	0	0	0
ds003097	MRIQC-22.0.1	sub-0185	n/a	4	0	0	0	0
ds003097	MRIQC-22.0.1	sub-0186	n/a	4	0	0	0	0
ds003097	MRIQC-22.0.1	sub-0187	n/a	4	0	0	0	0
ds003097	MRIQC-22.0.1	sub-0188	n/a	4	0	0	0	0
ds003097	MRIQC-22.0.1	sub-0189	n/a	4	0	0	0	0
ds003097	MRIQC-22.0.1	sub-0190	n/a	3	0	0	0	0
ds003097	MRIQC-22.0.1	sub-0191	n/a	4	0	0	0	0
ds003097	MRIQC-22.0.1	sub-0192	n/a	4	0	0	0	0
ds003097	MRIQC-22.0.1	sub-0193	n/a	4	0	0	0	0
ds003097	MRIQC-22.0.1	sub-0194	n/a	4	0	0	0	0
ds003097	MRIQC-22.0.1	sub-0195	n/a	4	0	0	0	0
ds003097	MRIQC-22.0.1	sub-0196	n/a	4	0	0	0	0
ds003097	MRIQC-22.0.1	sub-0197	n/a	4	0	0	0	0
ds003097	MRIQC-22.0.1	sub-0198	n/a	4	0	0	0	0
ds003097	MRIQC-22.0.1	sub-0199	n/a	4	0	0	0	0
ds003097	MRIQC-22.0.1	sub-0200	n/a	4	0	0	0	0
ds003097	MRIQC-22.0.1	sub-0201	n/a	3	0	0	0	0
ds003097	MRIQC-22.0.1	sub-0202	n/a	4	0	0	0	0
ds003097	MRIQC-22.0.1	sub-0203	n/a	4	0	0	0	0
ds003097	MRIQC-22.0.1	sub-0204	n/a	4	0	0	0	0
ds003097	MRIQC-22.0.1	sub-0205	n/a	4	0	0	0	0
ds003097	MRIQC-22.0.1	sub-0206	n/a	4	0	0	0	0
ds003097	MRIQC-22.0.1	sub-0207	n/a	4	0	0	0	0
ds003097	MRIQC-22.0.1	sub-0208	n/a	4	0	0	0	0
ds003097	MRIQC-22.0.1	sub-0209	n/a	4	0	0	0	0
ds003097	MRIQC-22.0.1	sub-0210	n/a	4	0	0	0	0
ds003097	MRIQC-22.0.1	sub-0211	n/a	4	0	0	0	0
ds003097	MRIQC-22.0.1	sub-0212	n/a	4	0	0	0	0
ds003097	MRIQC-22.0.1	sub-0213	n/a	4	0	0	0	0
ds003097	MRIQC-22.0.1	sub-0214	n/a	4	0	0	0	0
ds003097	MRIQC-22.0.1	sub-0215	n/a	4	0	0	0	0
ds003097	MRIQC-22.0.1	sub-0216	n/a	3	0	0	0	0
ds003097	MRIQC-22.0.1	sub-0217	n/a	4	0	0	0	0
ds003097	MRIQC-22.0.1	sub-0218	n/a	4	0	0	0	0
ds003097	MRIQC-22.0.1	sub-0219	n/a	4	0	0	0	0
ds003097	MRIQC-22.0.1	sub-0220	n/a	4	0	0	0	0
ds003097	MRIQC-22.0.1	sub-0221	n/a	4	0	0	0	0
ds003097	MRIQC-22.0.1	sub-0222	n/a	4	0	0	0	0
ds003097	MRIQC-22.0.1	sub-0223	n/a	4	0	0	0	0
ds003097	MRIQC-22.0.1	sub-0224	n/a	4	0	0	0	0
ds003097	MRIQC-22.0.1	sub-0225	n/a	4	0	0	0	0
ds003097	MRIQC-22.0.1	sub-0226	n/a	4	0	0	0	0
ds003097	MRIQC-22.0.1	sub-0227	n/a	4	0	0	0	0
ds003097	MRIQC-22.0.1	sub-0228	n/a	4	0	0	0	0
ds003097	MRIQC-22.0.1	sub-0229	n/a	4	0	0	0	0
ds003097	MRIQC-22.0.1	sub-0230	n/a	4	0	0	0	0
ds003097	MRIQC-22.0.1	sub-0231	n/a	4	0	0	0	0
ds003097	MRIQC-22.0.1	sub-0232	n/a	4	0	0	0	0
ds003097	MRIQC-22.0.1	sub-0233	n/a	4	0	0	0	0
ds003097	MRIQC-22.0.1	sub-0234	n/a	4	0	0	0	0
ds003097	MRIQC-22.0.1	sub-0235	n/a	4	0	0	0	0
ds003097	MRIQC-22.0.1	sub-0236	n/a	4	0	0	0	0
ds003097	MRIQC-22.0.1	sub-0237	n/a	4	0	0	0	0
ds003097	MRIQC-22.0.1	sub-0238	n/a	4	0	0	0	0
ds003097	MRIQC-22.0.1	sub-0239	n/a	4	0	0	0	0
ds003097	MRIQC-22.0.1	sub-0240	n/a	4	0	0	0	0
ds003097	MRIQC-22.0.1	sub-0241	n/a	4	0	0	0	0
ds003097	MRIQC-22.0.1	sub-0242	n/a	4	0	0	0	0
ds003097	MRIQC-22.0.1	sub-0243	n/a	4	0	0	0	0
ds003097	MRIQC-22.0.1	sub-0244	n/a	4	0	0	0	0
ds003097	MRIQC-22.0.1	sub-0245	n/a	4	0	0	0	0
ds003097	MRIQC-22.0.1	sub-0246	n/a	4	0	0	0	0
ds003097	MRIQC-22.0.1	sub-0247	n/a	4	0	0	0	0
ds003097	MRIQC-22.0.1	sub-0248	n/a	4	0	0	0	0
ds003097	MRIQC-22.0.1	sub-0249	n/a	4	0	0	0	0
ds003097	MRIQC-22.0.1	sub-0250	n/a	4	0	0	0	0
ds003097	MRIQC-22.0.1	sub-0251	n/a	4	0	0	0	0
ds003097	MRIQC-22.0.1	sub-0252	n/a	4	0	0	0	0
ds003097	MRIQC-22.0.1	sub-0253	n/a	4	0	0	0	0
ds003097	MRIQC-22.0.1	sub-0254	n/a	4	0	0	0	0
ds003097	MRIQC-22.0.1	sub-0255	n/a	4	0	0	0	0
ds003097	MRIQC-22.0.1	sub-0256	n/a	4	0	0	0	0
ds003097	MRIQC-22.0.1	sub-0257	n/a	4	0	0	0	0
ds003097	MRIQC-22.0.1	sub-0258	n/a	4	0	0	0	0
ds003097	MRIQC-22.0.1	sub-0259	n/a	4	0	0	0	0
ds003097	MRIQC-22.0.1	sub-0260	n/a	4	0	0	0	0
ds003097	MRIQC-22.0.1	sub-0261	n/a	4	0	0	0	0
ds003097	MRIQC-22.0.1	sub-0262	n/a	4	0	0	0	0
ds003097	MRIQC-22.0.1	sub-0263	n/a	4	0	0	0	0
ds003097	MRIQC-22.0.1	sub-0264	n/a	4	0	0	0	0
ds003097	MRIQC-22.0.1	sub-0265	n/a	4	0	0	0	0
ds003097	MRIQC-22.0.1	sub-0266	n/a	4	0	0	0	0
ds003097	MRIQC-22.0.1	sub-0267	n/a	4	0	0	0	0
ds003097	MRIQC-22.0.1	sub-0268	n/a	4	0	0	0	0
ds003097	MRIQC-22.0.1	sub-0269	n/a	4	0	0	0	0
ds003097	MRIQC-22.0.1	sub-0270	n/a	4	0	0	0	0
ds003097	MRIQC-22.0.1	sub-0271	n/a	4	0	0	0	0
ds003097	MRIQC-22.0.1	sub-0272	n/a	4	0	0	0	0
ds003097	MRIQC-22.0.1	sub-0273	n/a	4	0	0	0	0
ds003097	MRIQC-22.0.1	sub-0274	n/a	4	0	0	0	0
ds003097	MRIQC-22.0.1	sub-0275	n/a	4	0	0	0	0
ds003097	MRIQC-22.0.1	sub-0276	n/a	4	0	0	0	0
ds003097	MRIQC-22.0.1	sub-0277	n/a	4	0	0	0	0
ds003097	MRIQC-22.0.1	sub-0278	n/a	4	0	0	0	0
ds003097	MRIQC-22.0.1	sub-0279	n/a	4	0	0	0	0
ds003097	MRIQC-22.0.1	sub-0280	n/a	4	0	0	0	0
ds003097	MRIQC-22.0.1	sub-0281	n/a	4	0	0	0	0
ds003097	MRIQC-22.0.1	sub-0282	n/a	4	0	0	0	0
ds003097	MRIQC-22.0.1	sub-0283	n/a	4	0	0	0	0
ds003097	MRIQC-22.0.1	sub-0284	n/a	4	0	0	0	0
ds003097	MRIQC-22.0.1	sub-0285	n/a	4	0	0	0	0
ds003097	MRIQC-22.0.1	sub-0286	n/a	4	0	0	0	0
ds003097	MRIQC-22.0.1	sub-0287	n/a	4	0	0	0	0
ds003097	MRIQC-22.0.1	sub-0288	n/a	4	0	0	0	0
ds003097	MRIQC-22.0.1	sub-0289	n/a	4	0	0	0	0
ds003097	MRIQC-22.0.1	sub-0290	n/a	4	0	0	0	0
ds003097	MRIQC-22.0.1	sub-0291	n/a	4	0	0	0	0
ds003097	MRIQC-22.0.1	sub-0292	n/a	4	0	0	0	0
ds003097	MRIQC-22.0.1	sub-0293	n/a	4	0	0	0	0
ds003097	MRIQC-22.0.1	sub-0294	n/a	3	0	0	0	0
ds003097	MRIQC-22.0.1	sub-0295	n/a	4	0	0	0	0
ds003097	MRIQC-22.0.1	sub-0296	n/a	4	0	0	0	0
ds003097	MRIQC-22.0.1	sub-0297	n/a	4	0	0	0	0
ds003097	MRIQC-22.0.1	sub-0298	n/a	4	0	0	0	0
ds003097	MRIQC-22.0.1	sub-0299	n/a	3	0	0	0	0
ds003097	MRIQC-22.0.1	sub-0300	n/a	4	0	0	0	0
ds003097	MRIQC-22.0.1	sub-0301	n/a	4	0	0	0	0
ds003097	MRIQC-22.0.1	sub-0302	n/a	4	0	0	0	0
ds003097	MRIQC-22.0.1	sub-0303	n/a	4	0	0	0	0
ds003097	MRIQC-22.0.1	sub-0304	n/a	4	0	0	0	0
ds003097	MRIQC-22.0.1	sub-0305	n/a	4	0	0	0	0
ds003097	MRIQC-22.0.1	sub-0306	n/a	4	0	0	0	0
ds003097	MRIQC-22.0.1	sub-0307	n/a	4	0	0	0	0
ds003097	MRIQC-22.0.1	sub-0308	n/a	4	0	0	0	0
ds003097	MRIQC-22.0.1	sub-0309	n/a	4	0	0	0	0
ds003097	MRIQC-22.0.1	sub-0310	n/a	4	0	0	0	0
ds003097	MRIQC-22.0.1	sub-0311	n/a	4	0	0	0	0
ds003097	MRIQC-22.0.1	sub-0312	n/a	4	0	0	0	0
ds003097	MRIQC-22.0.1	sub-0313	n/a	4	0	0	0	0
ds003097	MRIQC-22.0.1	sub-0314	n/a	4	0	0	0	0
ds003097	MRIQC-22.0.1	sub-0315	n/a	4	0	0	0	0
ds003097	MRIQC-22.0.1	sub-0316	n/a	4	0	0	0	0
ds003097	MRIQC-22.0.1	sub-0317	n/a	4	0	0	0	0
ds003097	MRIQC-22.0.1	sub-0318	n/a	4	0	0	0	0
ds003097	MRIQC-22.0.1	sub-0319	n/a	4	0	0	0	0
ds003097	MRIQC-22.0.1	sub-0320	n/a	4	0	0	0	0
ds003097	MRIQC-22.0.1	sub-0321	n/a	3	0	0	0	0
ds003097	MRIQC-22.0.1	sub-0322	n/a	4	0	0	0	0
ds003097	MRIQC-22.0.1	sub-0323	n/a	4	0	0	0	0
ds003097	MRIQC-22.0.1	sub-0324	n/a	4	0	0	0	0
ds003097	MRIQC-22.0.1	sub-0325	n/a	4	0	0	0	0
ds003097	MRIQC-22.0.1	sub-0326	n/a	4	0	0	0	0
ds003097	MRIQC-22.0.1	sub-0327	n/a	4	0	0	0	0
ds003097	MRIQC-22.0.1	sub-0328	n/a	4	0	0	0	0
ds003097	MRIQC-22.0.1	sub-0329	n/a	4	0	0	0	0
ds003097	MRIQC-22.0.1	sub-0330	n/a	4	0	0	0	0
ds003097	MRIQC-22.0.1	sub-0331	n/a	4	0	0	0	0
ds003097	MRIQC-22.0.1	sub-0332	n/a	4	0	0	0	0
ds003097	MRIQC-22.0.1	sub-0333	n/a	4	0	0	0	0
ds003097	MRIQC-22.0.1	sub-0334	n/a	4	0	0	0	0
ds003097	MRIQC-22.0.1	sub-0335	n/a	4	0	0	0	0
ds003097	MRIQC-22.0.1	sub-0336	n/a	4	0	0	0	0
ds003097	MRIQC-22.0.1	sub-0337	n/a	4	0	0	0	0
ds003097	MRIQC-22.0.1	sub-0338	n/a	4	0	0	0	0
ds003097	MRIQC-22.0.1	sub-0339	n/a	4	0	0	0	0
ds003097	MRIQC-22.0.1	sub-0340	n/a	4	0	0	0	0
ds003097	MRIQC-22.0.1	sub-0341	n/a	4	0	0	0	0
ds003097	MRIQC-22.0.1	sub-0342	n/a	4	0	0	0	0
ds003097	MRIQC-22.0.1	sub-0343	n/a	4	0	0	0	0
ds003097	MRIQC-22.0.1	sub-0344	n/a	4	0	0	0	0
ds003097	MRIQC-22.0.1	sub-0345	n/a	4	0	0	0	0
ds003097	MRIQC-22.0.1	sub-0346	n/a	3	0	0	0	0
ds003097	MRIQC-22.0.1	sub-0347	n/a	4	0	0	0	0
ds003097	MRIQC-22.0.1	sub-0348	n/a	3	0	0	0	0
ds003097	MRIQC-22.0.1	sub-0349	n/a	4	0	0	0	0
ds003097	MRIQC-22.0.1	sub-0350	n/a	4	0	0	0	0
ds003097	MRIQC-22.0.1	sub-0351	n/a	4	0	0	0	0
ds003097	MRIQC-22.0.1	sub-0352	n/a	4	0	0	0	0
ds003097	MRIQC-22.0.1	sub-0353	n/a	4	0	0	0	0
ds003097	MRIQC-22.0.1	sub-0354	n/a	4	0	0	0	0
ds003097	MRIQC-22.0.1	sub-0355	n/a	4	0	0	0	0
ds003097	MRIQC-22.0.1	sub-0356	n/a	4	0	0	0	0
ds003097	MRIQC-22.0.1	sub-0357	n/a	4	0	0	0	0
ds003097	MRIQC-22.0.1	sub-0358	n/a	3	0	0	0	0
ds003097	MRIQC-22.0.1	sub-0359	n/a	4	0	0	0	0
ds003097	MRIQC-22.0.1	sub-0360	n/a	3	0	0	0	0
ds003097	MRIQC-22.0.1	sub-0361	n/a	4	0	0	0	0
ds003097	MRIQC-22.0.1	sub-0362	n/a	4	0	0	0	0
ds003097	MRIQC-22.0.1	sub-0363	n/a	4	0	0	0	0
ds003097	MRIQC-22.0.1	sub-0364	n/a	4	0	0	0	0
ds003097	MRIQC-22.0.1	sub-0365	n/a	4	0	0	0	0
ds003097	MRIQC-22.0.1	sub-0366	n/a	4	0	0	0	0
ds003097	MRIQC-22.0.1	sub-0367	n/a	4	0	0	0	0
ds003097	MRIQC-22.0.1	sub-0368	n/a	4	0	0	0	0
ds003097	MRIQC-22.0.1	sub-0369	n/a	4	0	0	0	0
ds003097	MRIQC-22.0.1	sub-0370	n/a	3	0	0	0	0
ds003097	MRIQC-22.0.1	sub-0371	n/a	4	0	0	0	0
ds003097	MRIQC-22.0.1	sub-0372	n/a	4	0	0	0	0
ds003097	MRIQC-22.0.1	sub-0373	n/a	4	0	0	0	0
ds003097	MRIQC-22.0.1	sub-0374	n/a	4	0	0	0	0
ds003097	MRIQC-22.0.1	sub-0375	n/a	4	0	0	0	0
ds003097	MRIQC-22.0.1	sub-0376	n/a	4	0	0	0	0
ds003097	MRIQC-22.0.1	sub-0377	n/a	4	0	0	0	0
ds003097	MRIQC-22.0.1	sub-0378	n/a	4	0	0	0	0
ds003097	MRIQC-22.0.1	sub-0379	n/a	4	0	0	0	0
ds003097	MRIQC-22.0.1	sub-0380	n/a	4	0	0	0	0
ds003097	MRIQC-22.0.1	sub-0381	n/a	4	0	0	0	0
ds003097	MRIQC-22.0.1	sub-0382	n/a	4	0	0	0	0
ds003097	MRIQC-22.0.1	sub-0383	n/a	3	0	0	0	0
ds003097	MRIQC-22.0.1	sub-0384	n/a	4	0	0	0	0
ds003097	MRIQC-22.0.1	sub-0385	n/a	4	0	0	0	0
ds003097	MRIQC-22.0.1	sub-0386	n/a	4	0	0	0	0
ds003097	MRIQC-22.0.1	sub-0387	n/a	3	0	0	0	0
ds003097	MRIQC-22.0.1	sub-0388	n/a	4	0	0	0	0
ds003097	MRIQC-22.0.1	sub-0389	n/a	4	0	0	0	0
ds003097	MRIQC-22.0.1	sub-0390	n/a	4	0	0	0	0
ds003097	MRIQC-22.0.1	sub-0391	n/a	4	0	0	0	0
ds003097	MRIQC-22.0.1	sub-0392	n/a	4	0	0	0	0
ds003097	MRIQC-22.0.1	sub-0393	n/a	4	0	0	0	0
ds003097	MRIQC-22.0.1	sub-0394	n/a	4	0	0	0	0
ds003097	MRIQC-22.0.1	sub-0395	n/a	4	0	0	0	0
ds003097	MRIQC-22.0.1	sub-0396	n/a	4	0	0	0	0
ds003097	MRIQC-22.0.1	sub-0397	n/a	4	0	0	0	0
ds003097	MRIQC-22.0.1	sub-0398	n/a	4	0	0	0	0
ds003097	MRIQC-22.0.1	sub-0399	n/a	4	0	0	0	0
ds003097	MRIQC-22.0.1	sub-0400	n/a	4	0	0	0	0
ds003097	MRIQC-22.0.1	sub-0401	n/a	4	0	0	0	0
ds003097	MRIQC-22.0.1	sub-0402	n/a	4	0	0	0	0
ds003097	MRIQC-22.0.1	sub-0403	n/a	3	0	0	0	0
ds003097	MRIQC-22.0.1	sub-0404	n/a	4	0	0	0	0
ds003097	MRIQC-22.0.1	sub-0405	n/a	4	0	0	0	0
ds003097	MRIQC-22.0.1	sub-0406	n/a	4	0	0	0	0
ds003097	MRIQC-22.0.1	sub-0407	n/a	4	0	0	0	0
ds003097	MRIQC-22.0.1	sub-0408	n/a	4	0	0	0	0
ds003097	MRIQC-22.0.1	sub-0409	n/a	4	0	0	0	0
ds003097	MRIQC-22.0.1	sub-0410	n/a	4	0	0	0	0
ds003097	MRIQC-22.0.1	sub-0411	n/a	4	0	0	0	0
ds003097	MRIQC-22.0.1	sub-0412	n/a	4	0	0	0	0
ds003097	MRIQC-22.0.1	sub-0413	n/a	4	0	0	0	0
ds003097	MRIQC-22.0.1	sub-0414	n/a	4	0	0	0	0
ds003097	MRIQC-22.0.1	sub-0415	n/a	4	0	0	0	0
ds003097	MRIQC-22.0.1	sub-0416	n/a	4	0	0	0	0
ds003097	MRIQC-22.0.1	sub-0417	n/a	4	0	0	0	0
ds003097	MRIQC-22.0.1	sub-0418	n/a	4	0	0	0	0
ds003097	MRIQC-22.0.1	sub-0419	n/a	4	0	0	0	0
ds003097	MRIQC-22.0.1	sub-0420	n/a	4	0	0	0	0
ds003097	MRIQC-22.0.1	sub-0421	n/a	4	0	0	0	0
ds003097	MRIQC-22.0.1	sub-0422	n/a	4	0	0	0	0
ds003097	MRIQC-22.0.1	sub-0423	n/a	4	0	0	0	0
ds003097	MRIQC-22.0.1	sub-0424	n/a	4	0	0	0	0
ds003097	MRIQC-22.0.1	sub-0425	n/a	4	0	0	0	0
ds003097	MRIQC-22.0.1	sub-0426	n/a	4	0	0	0	0
ds003097	MRIQC-22.0.1	sub-0427	n/a	4	0	0	0	0
ds003097	MRIQC-22.0.1	sub-0428	n/a	4	0	0	0	0
ds003097	MRIQC-22.0.1	sub-0429	n/a	4	0	0	0	0
ds003097	MRIQC-22.0.1	sub-0430	n/a	4	0	0	0	0
ds003097	MRIQC-22.0.1	sub-0431	n/a	4	0	0	0	0
ds003097	MRIQC-22.0.1	sub-0432	n/a	4	0	0	0	0
ds003097	MRIQC-22.0.1	sub-0433	n/a	4	0	0	0	0
ds003097	MRIQC-22.0.1	sub-0434	n/a	4	0	0	0	0
ds003097	MRIQC-22.0.1	sub-0435	n/a	3	0	0	0	0
ds003097	MRIQC-22.0.1	sub-0436	n/a	4	0	0	0	0
ds003097	MRIQC-22.0.1	sub-0437	n/a	4	0	0	0	0
ds003097	MRIQC-22.0.1	sub-0438	n/a	4	0	0	0	0
ds003097	MRIQC-22.0.1	sub-0439	n/a	4	0	0	0	0
ds003097	MRIQC-22.0.1	sub-0440	n/a	4	0	0	0	0
ds003097	MRIQC-22.0.1	sub-0441	n/a	4	0	0	0	0
ds003097	MRIQC-22.0.1	sub-0442	n/a	4	0	0	0	0
ds003097	MRIQC-22.0.1	sub-0443	n/a	4	0	0	0	0
ds003097	MRIQC-22.0.1	sub-0444	n/a	4	0	0	0	0
ds003097	MRIQC-22.0.1	sub-0445	n/a	4	0	0	0	0
ds003097	MRIQC-22.0.1	sub-0446	n/a	4	0	0	0	0
ds003097	MRIQC-22.0.1	sub-0447	n/a	4	0	0	0	0
ds003097	MRIQC-22.0.1	sub-0448	n/a	4	0	0	0	0
ds003097	MRIQC-22.0.1	sub-0449	n/a	4	0	0	0	0
ds003097	MRIQC-22.0.1	sub-0450	n/a	4	0	0	0	0
ds003097	MRIQC-22.0.1	sub-0451	n/a	4	0	0	0	0
ds003097	MRIQC-22.0.1	sub-0452	n/a	4	0	0	0	0
ds003097	MRIQC-22.0.1	sub-0453	n/a	4	0	0	0	0
ds003097	MRIQC-22.0.1	sub-0454	n/a	4	0	0	0	0
ds003097	MRIQC-22.0.1	sub-0455	n/a	4	0	0	0	0
ds003097	MRIQC-22.0.1	sub-0456	n/a	4	0	0	0	0
ds003097	MRIQC-22.0.1	sub-0457	n/a	4	0	0	0	0
ds003097	MRIQC-22.0.1	sub-0458	n/a	4	0	0	0	0
ds003097	MRIQC-22.0.1	sub-0459	n/a	4	0	0	0	0
ds003097	MRIQC-22.0.1	sub-0460	n/a	4	0	0	0	0
ds003097	MRIQC-22.0.1	sub-0461	n/a	4	0	0	0	0
ds003097	MRIQC-22.0.1	sub-0462	n/a	4	0	0	0	0
ds003097	MRIQC-22.0.1	sub-0463	n/a	4	0	0	0	0
ds003097	MRIQC-22.0.1	sub-0464	n/a	4	0	0	0	0
ds003097	MRIQC-22.0.1	sub-0465	n/a	4	0	0	0	0
ds003097	MRIQC-22.0.1	sub-0466	n/a	4	0	0	0	0
ds003097	MRIQC-22.0.1	sub-0467	n/a	4	0	0	0	0
ds003097	MRIQC-22.0.1	sub-0468	n/a	4	0	0	0	0
ds003097	MRIQC-22.0.1	sub-0469	n/a	4	0	0	0	0
ds003097	MRIQC-22.0.1	sub-0470	n/a	4	0	0	0	0
ds003097	MRIQC-22.0.1	sub-0471	n/a	4	0	0	0	0
ds003097	MRIQC-22.0.1	sub-0472	n/a	4	0	0	0	0
ds003097	MRIQC-22.0.1	sub-0473	n/a	4	0	0	0	0
ds003097	MRIQC-22.0.1	sub-0474	n/a	4	0	0	0	0
ds003097	MRIQC-22.0.1	sub-0475	n/a	4	0	0	0	0
ds003097	MRIQC-22.0.1	sub-0476	n/a	3	0	0	0	0
ds003097	MRIQC-22.0.1	sub-0477	n/a	4	0	0	0	0
ds003097	MRIQC-22.0.1	sub-0478	n/a	4	0	0	0	0
ds003097	MRIQC-22.0.1	sub-0479	n/a	4	0	0	0	0
ds003097	MRIQC-22.0.1	sub-0480	n/a	4	0	0	0	0
ds003097	MRIQC-22.0.1	sub-0481	n/a	4	0	0	0	0
ds003097	MRIQC-22.0.1	sub-0482	n/a	4	0	0	0	0
ds003097	MRIQC-22.0.1	sub-0483	n/a	4	0	0	0	0
ds003097	MRIQC-22.0.1	sub-0484	n/a	4	0	0	0	0
ds003097	MRIQC-22.0.1	sub-0485	n/a	4	0	0	0	0
ds003097	MRIQC-22.0.1	sub-0486	n/a	4	0	0	0	0
ds003097	MRIQC-22.0.1	sub-0487	n/a	4	0	0	0	0
ds003097	MRIQC-22.0.1	sub-0488	n/a	3	0	0	0	0
ds003097	MRIQC-22.0.1	sub-0489	n/a	4	0	0	0	0
ds003097	MRIQC-22.0.1	sub-0490	n/a	4	0	0	0	0
ds003097	MRIQC-22.0.1	sub-0491	n/a	4	0	0	0	0
ds003097	MRIQC-22.0.1	sub-0492	n/a	4	0	0	0	0
ds003097	MRIQC-22.0.1	sub-0493	n/a	4	0	0	0	0
ds003097	MRIQC-22.0.1	sub-0494	n/a	4	0	0	0	0
ds003097	MRIQC-22.0.1	sub-0495	n/a	4	0	0	0	0
ds003097	MRIQC-22.0.1	sub-0496	n/a	4	0	0	0	0
ds003097	MRIQC-22.0.1	sub-0497	n/a	4	0	0	0	0
ds003097	MRIQC-22.0.1	sub-0498	n/a	4	0	0	0	0
ds003097	MRIQC-22.0.1	sub-0499	n/a	4	0	0	0	0
ds003097	MRIQC-22.0.1	sub-0500	n/a	4	0	0	0	0
ds003097	MRIQC-22.0.1	sub-0501	n/a	4	0	0	0	0
ds003097	MRIQC-22.0.1	sub-0502	n/a	4	0	0	0	0
ds003097	MRIQC-22.0.1	sub-0503	n/a	4	0	0	0	0
ds003097	MRIQC-22.0.1	sub-0504	n/a	4	0	0	0	0
ds003097	MRIQC-22.0.1	sub-0505	n/a	4	0	0	0	0
ds003097	MRIQC-22.0.1	sub-0506	n/a	4	0	0	0	0
ds003097	MRIQC-22.0.1	sub-0507	n/a	4	0	0	0	0
ds003097	MRIQC-22.0.1	sub-0508	n/a	4	0	0	0	0
ds003097	MRIQC-22.0.1	sub-0509	n/a	4	0	0	0	0
ds003097	MRIQC-22.0.1	sub-0510	n/a	4	0	0	0	0
ds003097	MRIQC-22.0.1	sub-0511	n/a	4	0	0	0	0
ds003097	MRIQC-22.0.1	sub-0512	n/a	2	0	0	0	0
ds003097	MRIQC-22.0.1	sub-0513	n/a	4	0	0	0	0
ds003097	MRIQC-22.0.1	sub-0514	n/a	4	0	0	0	0
ds003097	MRIQC-22.0.1	sub-0515	n/a	4	0	0	0	0
ds003097	MRIQC-22.0.1	sub-0516	n/a	4	0	0	0	0
ds003097	MRIQC-22.0.1	sub-0517	n/a	4	0	0	0	0
ds003097	MRIQC-22.0.1	sub-0518	n/a	4	0	0	0	0
ds003097	MRIQC-22.0.1	sub-0519	n/a	4	0	0	0	0
ds003097	MRIQC-22.0.1	sub-0520	n/a	4	0	0	0	0
ds003097	MRIQC-22.0.1	sub-0521	n/a	4	0	0	0	0
ds003097	MRIQC-22.0.1	sub-0522	n/a	4	0	0	0	0
ds003097	MRIQC-22.0.1	sub-0523	n/a	4	0	0	0	0
ds003097	MRIQC-22.0.1	sub-0524	n/a	4	0	0	0	0
ds003097	MRIQC-22.0.1	sub-0525	n/a	4	0	0	0	0
ds003097	MRIQC-22.0.1	sub-0526	n/a	4	0	0	0	0
ds003097	MRIQC-22.0.1	sub-0527	n/a	4	0	0	0	0
ds003097	MRIQC-22.0.1	sub-0528	n/a	3	0	0	0	0
ds003097	MRIQC-22.0.1	sub-0529	n/a	4	0	0	0	0
ds003097	MRIQC-22.0.1	sub-0530	n/a	4	0	0	0	0
ds003097	MRIQC-22.0.1	sub-0531	n/a	4	0	0	0	0
ds003097	MRIQC-22.0.1	sub-0532	n/a	3	0	0	0	0
ds003097	MRIQC-22.0.1	sub-0533	n/a	4	0	0	0	0
ds003097	MRIQC-22.0.1	sub-0534	n/a	4	0	0	0	0
ds003097	MRIQC-22.0.1	sub-0535	n/a	4	0	0	0	0
ds003097	MRIQC-22.0.1	sub-0536	n/a	4	0	0	0	0
ds003097	MRIQC-22.0.1	sub-0537	n/a	4	0	0	0	0
ds003097	MRIQC-22.0.1	sub-0538	n/a	4	0	0	0	0
ds003097	MRIQC-22.0.1	sub-0539	n/a	4	0	0	0	0
ds003097	MRIQC-22.0.1	sub-0540	n/a	4	0	0	0	0
ds003097	MRIQC-22.0.1	sub-0541	n/a	3	0	0	0	0
ds003097	MRIQC-22.0.1	sub-0542	n/a	4	0	0	0	0
ds003097	MRIQC-22.0.1	sub-0543	n/a	4	0	0	0	0
ds003097	MRIQC-22.0.1	sub-0544	n/a	4	0	0	0	0
ds003097	MRIQC-22.0.1	sub-0545	n/a	4	0	0	0	0
ds003097	MRIQC-22.0.1	sub-0546	n/a	4	0	0	0	0
ds003097	MRIQC-22.0.1	sub-0547	n/a	4	0	0	0	0
ds003097	MRIQC-22.0.1	sub-0548	n/a	4	0	0	0	0
ds003097	MRIQC-22.0.1	sub-0549	n/a	4	0	0	0	0
ds003097	MRIQC-22.0.1	sub-0550	n/a	4	0	0	0	0
ds003097	MRIQC-22.0.1	sub-0551	n/a	4	0	0	0	0
ds003097	MRIQC-22.0.1	sub-0552	n/a	4	0	0	0	0
ds003097	MRIQC-22.0.1	sub-0553	n/a	4	0	0	0	0
ds003097	MRIQC-22.0.1	sub-0554	n/a	4	0	0	0	0
ds003097	MRIQC-22.0.1	sub-0555	n/a	4	0	0	0	0
ds003097	MRIQC-22.0.1	sub-0556	n/a	4	0	0	0	0
ds003097	MRIQC-22.0.1	sub-0557	n/a	4	0	0	0	0
ds003097	MRIQC-22.0.1	sub-0558	n/a	4	0	0	0	0
ds003097	MRIQC-22.0.1	sub-0559	n/a	4	0	0	0	0
ds003097	MRIQC-22.0.1	sub-0560	n/a	4	0	0	0	0
ds003097	MRIQC-22.0.1	sub-0561	n/a	4	0	0	0	0
ds003097	MRIQC-22.0.1	sub-0562	n/a	4	0	0	0	0
ds003097	MRIQC-22.0.1	sub-0563	n/a	4	0	0	0	0
ds003097	MRIQC-22.0.1	sub-0564	n/a	4	0	0	0	0
ds003097	MRIQC-22.0.1	sub-0565	n/a	4	0	0	0	0
ds003097	MRIQC-22.0.1	sub-0566	n/a	4	0	0	0	0
ds003097	MRIQC-22.0.1	sub-0567	n/a	4	0	0	0	0
ds003097	MRIQC-22.0.1	sub-0568	n/a	3	0	0	0	0
ds003097	MRIQC-22.0.1	sub-0569	n/a	4	0	0	0	0
ds003097	MRIQC-22.0.1	sub-0570	n/a	4	0	0	0	0
ds003097	MRIQC-22.0.1	sub-0571	n/a	4	0	0	0	0
ds003097	MRIQC-22.0.1	sub-0572	n/a	4	0	0	0	0
ds003097	MRIQC-22.0.1	sub-0573	n/a	4	0	0	0	0
ds003097	MRIQC-22.0.1	sub-0574	n/a	4	0	0	0	0
ds003097	MRIQC-22.0.1	sub-0575	n/a	3	0	0	0	0
ds003097	MRIQC-22.0.1	sub-0576	n/a	4	0	0	0	0
ds003097	MRIQC-22.0.1	sub-0577	n/a	4	0	0	0	0
ds003097	MRIQC-22.0.1	sub-0578	n/a	4	0	0	0	0
ds003097	MRIQC-22.0.1	sub-0579	n/a	4	0	0	0	0
ds003097	MRIQC-22.0.1	sub-0580	n/a	3	0	0	0	0
ds003097	MRIQC-22.0.1	sub-0581	n/a	4	0	0	0	0
ds003097	MRIQC-22.0.1	sub-0582	n/a	4	0	0	0	0
ds003097	MRIQC-22.0.1	sub-0583	n/a	4	0	0	0	0
ds003097	MRIQC-22.0.1	sub-0584	n/a	4	0	0	0	0
ds003097	MRIQC-22.0.1	sub-0585	n/a	4	0	0	0	0
ds003097	MRIQC-22.0.1	sub-0586	n/a	4	0	0	0	0
ds003097	MRIQC-22.0.1	sub-0587	n/a	4	0	0	0	0
ds003097	MRIQC-22.0.1	sub-0588	n/a	4	0	0	0	0
ds003097	MRIQC-22.0.1	sub-0589	n/a	4	0	0	0	0
ds003097	MRIQC-22.0.1	sub-0590	n/a	4	0	0	0	0
ds003097	MRIQC-22.0.1	sub-0591	n/a	4	0	0	0	0
ds003097	MRIQC-22.0.1	sub-0592	n/a	4	0	0	0	0
ds003097	MRIQC-22.0.1	sub-0593	n/a	4	0	0	0	0
ds003097	MRIQC-22.0.1	sub-0594	n/a	4	0	0	0	0
ds003097	MRIQC-22.0.1	sub-0595	n/a	3	0	0	0	0
ds003097	MRIQC-22.0.1	sub-0596	n/a	4	0	0	0	0
ds003097	MRIQC-22.0.1	sub-0597	n/a	4	0	0	0	0
ds003097	MRIQC-22.0.1	sub-0598	n/a	4	0	0	0	0
ds003097	MRIQC-22.0.1	sub-0599	n/a	4	0	0	0	0
ds003097	MRIQC-22.0.1	sub-0600	n/a	4	0	0	0	0
ds003097	MRIQC-22.0.1	sub-0601	n/a	4	0	0	0	0
ds003097	MRIQC-22.0.1	sub-0602	n/a	4	0	0	0	0
ds003097	MRIQC-22.0.1	sub-0603	n/a	4	0	0	0	0
ds003097	MRIQC-22.0.1	sub-0604	n/a	4	0	0	0	0
ds003097	MRIQC-22.0.1	sub-0605	n/a	4	0	0	0	0
ds003097	MRIQC-22.0.1	sub-0606	n/a	4	0	0	0	0
ds003097	MRIQC-22.0.1	sub-0607	n/a	4	0	0	0	0
ds003097	MRIQC-22.0.1	sub-0608	n/a	4	0	0	0	0
ds003097	MRIQC-22.0.1	sub-0609	n/a	4	0	0	0	0
ds003097	MRIQC-22.0.1	sub-0610	n/a	4	0	0	0	0
ds003097	MRIQC-22.0.1	sub-0611	n/a	4	0	0	0	0
ds003097	MRIQC-22.0.1	sub-0612	n/a	4	0	0	0	0
ds003097	MRIQC-22.0.1	sub-0613	n/a	4	0	0	0	0
ds003097	MRIQC-22.0.1	sub-0614	n/a	4	0	0	0	0
ds003097	MRIQC-22.0.1	sub-0615	n/a	4	0	0	0	0
ds003097	MRIQC-22.0.1	sub-0616	n/a	4	0	0	0	0
ds003097	MRIQC-22.0.1	sub-0617	n/a	4	0	0	0	0
ds003097	MRIQC-22.0.1	sub-0618	n/a	4	0	0	0	0
ds003097	MRIQC-22.0.1	sub-0619	n/a	4	0	0	0	0
ds003097	MRIQC-22.0.1	sub-0620	n/a	4	0	0	0	0
ds003097	MRIQC-22.0.1	sub-0621	n/a	4	0	0	0	0
ds003097	MRIQC-22.0.1	sub-0622	n/a	4	0	0	0	0
ds003097	MRIQC-22.0.1	sub-0623	n/a	4	0	0	0	0
ds003097	MRIQC-22.0.1	sub-0624	n/a	4	0	0	0	0
ds003097	MRIQC-22.0.1	sub-0625	n/a	4	0	0	0	0
ds003097	MRIQC-22.0.1	sub-0626	n/a	4	0	0	0	0
ds003097	MRIQC-22.0.1	sub-0627	n/a	4	0	0	0	0
ds003097	MRIQC-22.0.1	sub-0628	n/a	4	0	0	0	0
ds003097	MRIQC-22.0.1	sub-0629	n/a	4	0	0	0	0
ds003097	MRIQC-22.0.1	sub-0630	n/a	4	0	0	0	0
ds003097	MRIQC-22.0.1	sub-0631	n/a	4	0	0	0	0
ds003097	MRIQC-22.0.1	sub-0632	n/a	4	0	0	0	0
ds003097	MRIQC-22.0.1	sub-0633	n/a	4	0	0	0	0
ds003097	MRIQC-22.0.1	sub-0634	n/a	4	0	0	0	0
ds003097	MRIQC-22.0.1	sub-0635	n/a	4	0	0	0	0
ds003097	MRIQC-22.0.1	sub-0636	n/a	4	0	0	0	0
ds003097	MRIQC-22.0.1	sub-0637	n/a	4	0	0	0	0
ds003097	MRIQC-22.0.1	sub-0638	n/a	4	0	0	0	0
ds003097	MRIQC-22.0.1	sub-0639	n/a	4	0	0	0	0
ds003097	MRIQC-22.0.1	sub-0640	n/a	4	0	0	0	0
ds003097	MRIQC-22.0.1	sub-0641	n/a	4	0	0	0	0
ds003097	MRIQC-22.0.1	sub-0642	n/a	4	0	0	0	0
ds003097	MRIQC-22.0.1	sub-0643	n/a	4	0	0	0	0
ds003097	MRIQC-22.0.1	sub-0644	n/a	4	0	0	0	0
ds003097	MRIQC-22.0.1	sub-0645	n/a	4	0	0	0	0
ds003097	MRIQC-22.0.1	sub-0646	n/a	4	0	0	0	0
ds003097	MRIQC-22.0.1	sub-0647	n/a	4	0	0	0	0
ds003097	MRIQC-22.0.1	sub-0648	n/a	4	0	0	0	0
ds003097	MRIQC-22.0.1	sub-0649	n/a	4	0	0	0	0
ds003097	MRIQC-22.0.1	sub-0650	n/a	4	0	0	0	0
ds003097	MRIQC-22.0.1	sub-0651	n/a	4	0	0	0	0
ds003097	MRIQC-22.0.1	sub-0652	n/a	4	0	0	0	0
ds003097	MRIQC-22.0.1	sub-0653	n/a	4	0	0	0	0
ds003097	MRIQC-22.0.1	sub-0654	n/a	4	0	0	0	0
ds003097	MRIQC-22.0.1	sub-0655	n/a	4	0	0	0	0
ds003097	MRIQC-22.0.1	sub-0656	n/a	4	0	0	0	0
ds003097	MRIQC-22.0.1	sub-0657	n/a	4	0	0	0	0
ds003097	MRIQC-22.0.1	sub-0658	n/a	4	0	0	0	0
ds003097	MRIQC-22.0.1	sub-0659	n/a	4	0	0	0	0
ds003097	MRIQC-22.0.1	sub-0660	n/a	4	0	0	0	0
ds003097	MRIQC-22.0.1	sub-0661	n/a	4	0	0	0	0
ds003097	MRIQC-22.0.1	sub-0662	n/a	4	0	0	0	0
ds003097	MRIQC-22.0.1	sub-0663	n/a	3	0	0	0	0
ds003097	MRIQC-22.0.1	sub-0664	n/a	4	0	0	0	0
ds003097	MRIQC-22.0.1	sub-0665	n/a	4	0	0	0	0
ds003097	MRIQC-22.0.1	sub-0666	n/a	4	0	0	0	0
ds003097	MRIQC-22.0.1	sub-0667	n/a	4	0	0	0	0
ds003097	MRIQC-22.0.1	sub-0668	n/a	4	0	0	0	0
ds003097	MRIQC-22.0.1	sub-0669	n/a	4	0	0	0	0
ds003097	MRIQC-22.0.1	sub-0670	n/a	4	0	0	0	0
ds003097	MRIQC-22.0.1	sub-0671	n/a	4	0	0	0	0
ds003097	MRIQC-22.0.1	sub-0672	n/a	4	0	0	0	0
ds003097	MRIQC-22.0.1	sub-0673	n/a	4	0	0	0	0
ds003097	MRIQC-22.0.1	sub-0674	n/a	4	0	0	0	0
ds003097	MRIQC-22.0.1	sub-0675	n/a	4	0	0	0	0
ds003097	MRIQC-22.0.1	sub-0676	n/a	4	0	0	0	0
ds003097	MRIQC-22.0.1	sub-0677	n/a	4	0	0	0	0
ds003097	MRIQC-22.0.1	sub-0678	n/a	4	0	0	0	0
ds003097	MRIQC-22.0.1	sub-0679	n/a	4	0	0	0	0
ds003097	MRIQC-22.0.1	sub-0680	n/a	4	0	0	0	0
ds003097	MRIQC-22.0.1	sub-0681	n/a	4	0	0	0	0
ds003097	MRIQC-22.0.1	sub-0682	n/a	4	0	0	0	0
ds003097	MRIQC-22.0.1	sub-0683	n/a	4	0	0	0	0
ds003097	MRIQC-22.0.1	sub-0684	n/a	4	0	0	0	0
ds003097	MRIQC-22.0.1	sub-0685	n/a	4	0	0	0	0
ds003097	MRIQC-22.0.1	sub-0686	n/a	4	0	0	0	0
ds003097	MRIQC-22.0.1	sub-0687	n/a	4	0	0	0	0
ds003097	MRIQC-22.0.1	sub-0688	n/a	4	0	0	0	0
ds003097	MRIQC-22.0.1	sub-0689	n/a	4	0	0	0	0
ds003097	MRIQC-22.0.1	sub-0690	n/a	4	0	0	0	0
ds003097	MRIQC-22.0.1	sub-0691	n/a	4	0	0	0	0
ds003097	MRIQC-22.0.1	sub-0692	n/a	4	0	0	0	0
ds003097	MRIQC-22.0.1	sub-0693	n/a	4	0	0	0	0
ds003097	MRIQC-22.0.1	sub-0694	n/a	4	0	0	0	0
ds003097	MRIQC-22.0.1	sub-0695	n/a	4	0	0	0	0
ds003097	MRIQC-22.0.1	sub-0696	n/a	4	0	0	0	0
ds003097	MRIQC-22.0.1	sub-0697	n/a	4	0	0	0	0
ds003097	MRIQC-22.0.1	sub-0698	n/a	4	0	0	0	0
ds003097	MRIQC-22.0.1	sub-0699	n/a	4	0	0	0	0
ds003097	MRIQC-22.0.1	sub-0700	n/a	4	0	0	0	0
ds003097	MRIQC-22.0.1	sub-0701	n/a	4	0	0	0	0
ds003097	MRIQC-22.0.1	sub-0702	n/a	4	0	0	0	0
ds003097	MRIQC-22.0.1	sub-0703	n/a	4	0	0	0	0
ds003097	MRIQC-22.0.1	sub-0704	n/a	4	0	0	0	0
ds003097	MRIQC-22.0.1	sub-0705	n/a	4	0	0	0	0
ds003097	MRIQC-22.0.1	sub-0706	n/a	4	0	0	0	0
ds003097	MRIQC-22.0.1	sub-0707	n/a	4	0	0	0	0
ds003097	MRIQC-22.0.1	sub-0708	n/a	4	0	0	0	0
ds003097	MRIQC-22.0.1	sub-0709	n/a	4	0	0	0	0
ds003097	MRIQC-22.0.1	sub-0710	n/a	4	0	0	0	0
ds003097	MRIQC-22.0.1	sub-0711	n/a	4	0	0	0	0
ds003097	MRIQC-22.0.1	sub-0712	n/a	4	0	0	0	0
ds003097	MRIQC-22.0.1	sub-0713	n/a	4	0	0	0	0
ds003097	MRIQC-22.0.1	sub-0714	n/a	4	0	0	0	0
ds003097	MRIQC-22.0.1	sub-0715	n/a	4	0	0	0	0
ds003097	MRIQC-22.0.1	sub-0716	n/a	3	0	0	0	0
ds003097	MRIQC-22.0.1	sub-0717	n/a	4	0	0	0	0
ds003097	MRIQC-22.0.1	sub-0718	n/a	4	0	0	0	0
ds003097	MRIQC-22.0.1	sub-0719	n/a	4	0	0	0	0
ds003097	MRIQC-22.0.1	sub-0720	n/a	3	0	0	0	0
ds003097	MRIQC-22.0.1	sub-0721	n/a	4	0	0	0	0
ds003097	MRIQC-22.0.1	sub-0722	n/a	4	0	0	0	0
ds003097	MRIQC-22.0.1	sub-0723	n/a	4	0	0	0	0
ds003097	MRIQC-22.0.1	sub-0724	n/a	4	0	0	0	0
ds003097	MRIQC-22.0.1	sub-0725	n/a	4	0	0	0	0
ds003097	MRIQC-22.0.1	sub-0726	n/a	3	0	0	0	0
ds003097	MRIQC-22.0.1	sub-0727	n/a	4	0	0	0	0
ds003097	MRIQC-22.0.1	sub-0728	n/a	4	0	0	0	0
ds003097	MRIQC-22.0.1	sub-0729	n/a	3	0	0	0	0
ds003097	MRIQC-22.0.1	sub-0730	n/a	4	0	0	0	0
ds003097	MRIQC-22.0.1	sub-0731	n/a	4	0	0	0	0
ds003097	MRIQC-22.0.1	sub-0732	n/a	4	0	0	0	0
ds003097	MRIQC-22.0.1	sub-0733	n/a	3	0	0	0	0
ds003097	MRIQC-22.0.1	sub-0734	n/a	4	0	0	0	0
ds003097	MRIQC-22.0.1	sub-0735	n/a	4	0	0	0	0
ds003097	MRIQC-22.0.1	sub-0736	n/a	4	0	0	0	0
ds003097	MRIQC-22.0.1	sub-0737	n/a	4	0	0	0	0
ds003097	MRIQC-22.0.1	sub-0738	n/a	4	0	0	0	0
ds003097	MRIQC-22.0.1	sub-0739	n/a	4	0	0	0	0
ds003097	MRIQC-22.0.1	sub-0740	n/a	4	0	0	0	0
ds003097	MRIQC-22.0.1	sub-0741	n/a	4	0	0	0	0
ds003097	MRIQC-22.0.1	sub-0742	n/a	4	0	0	0	0
ds003097	MRIQC-22.0.1	sub-0743	n/a	3	0	0	0	0
ds003097	MRIQC-22.0.1	sub-0744	n/a	4	0	0	0	0
ds003097	MRIQC-22.0.1	sub-0745	n/a	4	0	0	0	0
ds003097	MRIQC-22.0.1	sub-0746	n/a	4	0	0	0	0
ds003097	MRIQC-22.0.1	sub-0747	n/a	4	0	0	0	0
ds003097	MRIQC-22.0.1	sub-0748	n/a	4	0	0	0	0
ds003097	MRIQC-22.0.1	sub-0749	n/a	3	0	0	0	0
ds003097	MRIQC-22.0.1	sub-0750	n/a	4	0	0	0	0
ds003097	MRIQC-22.0.1	sub-0751	n/a	4	0	0	0	0
ds003097	MRIQC-22.0.1	sub-0752	n/a	4	0	0	0	0
ds003097	MRIQC-22.0.1	sub-0753	n/a	4	0	0	0	0
ds003097	MRIQC-22.0.1	sub-0754	n/a	4	0	0	0	0
ds003097	MRIQC-22.0.1	sub-0755	n/a	3	0	0	0	0
ds003097	MRIQC-22.0.1	sub-0756	n/a	4	0	0	0	0
ds003097	MRIQC-22.0.1	sub-0757	n/a	4	0	0	0	0
ds003097	MRIQC-22.0.1	sub-0758	n/a	4	0	0	0	0
ds003097	MRIQC-22.0.1	sub-0759	n/a	4	0	0	0	0
ds003097	MRIQC-22.0.1	sub-0760	n/a	4	0	0	0	0
ds003097	MRIQC-22.0.1	sub-0761	n/a	4	0	0	0	0
ds003097	MRIQC-22.0.1	sub-0762	n/a	4	0	0	0	0
ds003097	MRIQC-22.0.1	sub-0763	n/a	4	0	0	0	0
ds003097	MRIQC-22.0.1	sub-0764	n/a	4	0	0	0	0
ds003097	MRIQC-22.0.1	sub-0765	n/a	4	0	0	0	0
ds003097	MRIQC-22.0.1	sub-0766	n/a	4	0	0	0	0
ds003097	MRIQC-22.0.1	sub-0767	n/a	4	0	0	0	0
ds003097	MRIQC-22.0.1	sub-0768	n/a	3	0	0	0	0
ds003097	MRIQC-22.0.1	sub-0769	n/a	4	0	0	0	0
ds003097	MRIQC-22.0.1	sub-0770	n/a	3	0	0	0	0
ds003097	MRIQC-22.0.1	sub-0771	n/a	4	0	0	0	0
ds003097	MRIQC-22.0.1	sub-0772	n/a	4	0	0	0	0
ds003097	MRIQC-22.0.1	sub-0773	n/a	4	0	0	0	0
ds003097	MRIQC-22.0.1	sub-0774	n/a	4	0	0	0	0
ds003097	MRIQC-22.0.1	sub-0775	n/a	4	0	0	0	0
ds003097	MRIQC-22.0.1	sub-0776	n/a	4	0	0	0	0
ds003097	MRIQC-22.0.1	sub-0777	n/a	4	0	0	0	0
ds003097	MRIQC-22.0.1	sub-0778	n/a	4	0	0	0	0
ds003097	MRIQC-22.0.1	sub-0779	n/a	4	0	0	0	0
ds003097	MRIQC-22.0.1	sub-0780	n/a	4	0	0	0	0
ds003097	MRIQC-22.0.1	sub-0781	n/a	4	0	0	0	0
ds003097	MRIQC-22.0.1	sub-0782	n/a	4	0	0	0	0
ds003097	MRIQC-22.0.1	sub-0783	n/a	4	0	0	0	0
ds003097	MRIQC-22.0.1	sub-0784	n/a	4	0	0	0	0
ds003097	MRIQC-22.0.1	sub-0785	n/a	3	0	0	0	0
ds003097	MRIQC-22.0.1	sub-0786	n/a	4	0	0	0	0
ds003097	MRIQC-22.0.1	sub-0787	n/a	4	0	0	0	0
ds003097	MRIQC-22.0.1	sub-0788	n/a	4	0	0	0	0
ds003097	MRIQC-22.0.1	sub-0789	n/a	4	0	0	0	0
ds003097	MRIQC-22.0.1	sub-0790	n/a	4	0	0	0	0
ds003097	MRIQC-22.0.1	sub-0791	n/a	4	0	0	0	0
ds003097	MRIQC-22.0.1	sub-0792	n/a	4	0	0	0	0
ds003097	MRIQC-22.0.1	sub-0793	n/a	4	0	0	0	0
ds003097	MRIQC-22.0.1	sub-0794	n/a	4	0	0	0	0
ds003097	MRIQC-22.0.1	sub-0795	n/a	3	0	0	0	0
ds003097	MRIQC-22.0.1	sub-0796	n/a	4	0	0	0	0
ds003097	MRIQC-22.0.1	sub-0797	n/a	4	0	0	0	0
ds003097	MRIQC-22.0.1	sub-0798	n/a	4	0	0	0	0
ds003097	MRIQC-22.0.1	sub-0799	n/a	4	0	0	0	0
ds003097	MRIQC-22.0.1	sub-0800	n/a	4	0	0	0	0
ds003097	MRIQC-22.0.1	sub-0801	n/a	4	0	0	0	0
ds003097	MRIQC-22.0.1	sub-0802	n/a	4	0	0	0	0
ds003097	MRIQC-22.0.1	sub-0803	n/a	4	0	0	0	0
ds003097	MRIQC-22.0.1	sub-0804	n/a	3	0	0	0	0
ds003097	MRIQC-22.0.1	sub-0805	n/a	4	0	0	0	0
ds003097	MRIQC-22.0.1	sub-0806	n/a	4	0	0	0	0
ds003097	MRIQC-22.0.1	sub-0807	n/a	4	0	0	0	0
ds003097	MRIQC-22.0.1	sub-0808	n/a	4	0	0	0	0
ds003097	MRIQC-22.0.1	sub-0809	n/a	4	0	0	0	0
ds003097	MRIQC-22.0.1	sub-0810	n/a	4	0	0	0	0
ds003097	MRIQC-22.0.1	sub-0811	n/a	4	0	0	0	0
ds003097	MRIQC-22.0.1	sub-0812	n/a	4	0	0	0	0
ds003097	MRIQC-22.0.1	sub-0813	n/a	4	0	0	0	0
ds003097	MRIQC-22.0.1	sub-0814	n/a	4	0	0	0	0
ds003097	MRIQC-22.0.1	sub-0815	n/a	4	0	0	0	0
ds003097	MRIQC-22.0.1	sub-0816	n/a	4	0	0	0	0
ds003097	MRIQC-22.0.1	sub-0817	n/a	4	0	0	0	0
ds003097	MRIQC-22.0.1	sub-0818	n/a	4	0	0	0	0
ds003097	MRIQC-22.0.1	sub-0819	n/a	4	0	0	0	0
ds003097	MRIQC-22.0.1	sub-0820	n/a	4	0	0	0	0
ds003097	MRIQC-22.0.1	sub-0821	n/a	3	0	0	0	0
ds003097	MRIQC-22.0.1	sub-0822	n/a	4	0	0	0	0
ds003097	MRIQC-22.0.1	sub-0823	n/a	4	0	0	0	0
ds003097	MRIQC-22.0.1	sub-0824	n/a	3	0	0	0	0
ds003097	MRIQC-22.0.1	sub-0825	n/a	4	0	0	0	0
ds003097	MRIQC-22.0.1	sub-0826	n/a	4	0	0	0	0
ds003097	MRIQC-22.0.1	sub-0827	n/a	3	0	0	0	0
ds003097	MRIQC-22.0.1	sub-0828	n/a	4	0	0	0	0
ds003097	MRIQC-22.0.1	sub-0829	n/a	4	0	0	0	0
ds003097	MRIQC-22.0.1	sub-0830	n/a	4	0	0	0	0
ds003097	MRIQC-22.0.1	sub-0831	n/a	4	0	0	0	0
ds003097	MRIQC-22.0.1	sub-0832	n/a	4	0	0	0	0
ds003097	MRIQC-22.0.1	sub-0833	n/a	4	0	0	0	0
ds003097	MRIQC-22.0.1	sub-0834	n/a	4	0	0	0	0
ds003097	MRIQC-22.0.1	sub-0835	n/a	4	0	0	0	0
ds003097	MRIQC-22.0.1	sub-0836	n/a	4	0	0	0	0
ds003097	MRIQC-22.0.1	sub-0837	n/a	4	0	0	0	0
ds003097	MRIQC-22.0.1	sub-0838	n/a	4	0	0	0	0
ds003097	MRIQC-22.0.1	sub-0839	n/a	4	0	0	0	0
ds003097	MRIQC-22.0.1	sub-0840	n/a	4	0	0	0	0
ds003097	MRIQC-22.0.1	sub-0841	n/a	4	0	0	0	0
ds003097	MRIQC-22.0.1	sub-0842	n/a	4	0	0	0	0
ds003097	MRIQC-22.0.1	sub-0843	n/a	4	0	0	0	0
ds003097	MRIQC-22.0.1	sub-0844	n/a	4	0	0	0	0
ds003097	MRIQC-22.0.1	sub-0845	n/a	4	0	0	0	0
ds003097	MRIQC-22.0.1	sub-0846	n/a	4	0	0	0	0
ds003097	MRIQC-22.0.1	sub-0847	n/a	4	0	0	0	0
ds003097	MRIQC-22.0.1	sub-0848	n/a	4	0	0	0	0
ds003097	MRIQC-22.0.1	sub-0849	n/a	4	0	0	0	0
ds003097	MRIQC-22.0.1	sub-0850	n/a	4	0	0	0	0
ds003097	MRIQC-22.0.1	sub-0851	n/a	4	0	0	0	0
ds003097	MRIQC-22.0.1	sub-0852	n/a	4	0	0	0	0
ds003097	MRIQC-22.0.1	sub-0853	n/a	4	0	0	0	0
ds003097	MRIQC-22.0.1	sub-0854	n/a	4	0	0	0	0
ds003097	MRIQC-22.0.1	sub-0855	n/a	4	0	0	0	0
ds003097	MRIQC-22.0.1	sub-0856	n/a	4	0	0	0	0
ds003097	MRIQC-22.0.1	sub-0857	n/a	4	0	0	0	0
ds003097	MRIQC-22.0.1	sub-0858	n/a	4	0	0	0	0
ds003097	MRIQC-22.0.1	sub-0859	n/a	4	0	0	0	0
ds003097	MRIQC-22.0.1	sub-0860	n/a	4	0	0	0	0
ds003097	MRIQC-22.0.1	sub-0861	n/a	4	0	0	0	0
ds003097	MRIQC-22.0.1	sub-0862	n/a	4	0	0	0	0
ds003097	MRIQC-22.0.1	sub-0863	n/a	4	0	0	0	0
ds003097	MRIQC-22.0.1	sub-0864	n/a	4	0	0	0	0
ds003097	MRIQC-22.0.1	sub-0865	n/a	4	0	0	0	0
ds003097	MRIQC-22.0.1	sub-0866	n/a	4	0	0	0	0
ds003097	MRIQC-22.0.1	sub-0867	n/a	4	0	0	0	0
ds003097	MRIQC-22.0.1	sub-0868	n/a	4	0	0	0	0
ds003097	MRIQC-22.0.1	sub-0869	n/a	4	0	0	0	0
ds003097	MRIQC-22.0.1	sub-0870	n/a	4	0	0	0	0
ds003097	MRIQC-22.0.1	sub-0871	n/a	4	0	0	0	0
ds003097	MRIQC-22.0.1	sub-0872	n/a	4	0	0	0	0
ds003097	MRIQC-22.0.1	sub-0873	n/a	4	0	0	0	0
ds003097	MRIQC-22.0.1	sub-0874	n/a	4	0	0	0	0
ds003097	MRIQC-22.0.1	sub-0875	n/a	4	0	0	0	0
ds003097	MRIQC-22.0.1	sub-0876	n/a	3	0	0	0	0
ds003097	MRIQC-22.0.1	sub-0877	n/a	4	0	0	0	0
ds003097	MRIQC-22.0.1	sub-0878	n/a	4	0	0	0	0
ds003097	MRIQC-22.0.1	sub-0879	n/a	4	0	0	0	0
ds003097	MRIQC-22.0.1	sub-0880	n/a	4	0	0	0	0
ds003097	MRIQC-22.0.1	sub-0881	n/a	4	0	0	0	0
ds003097	MRIQC-22.0.1	sub-0882	n/a	4	0	0	0	0
ds003097	MRIQC-22.0.1	sub-0883	n/a	4	0	0	0	0
ds003097	MRIQC-22.0.1	sub-0884	n/a	4	0	0	0	0
ds003097	MRIQC-22.0.1	sub-0885	n/a	4	0	0	0	0
ds003097	MRIQC-22.0.1	sub-0886	n/a	4	0	0	0	0
ds003097	MRIQC-22.0.1	sub-0887	n/a	4	0	0	0	0
ds003097	MRIQC-22.0.1	sub-0888	n/a	4	0	0	0	0
ds003097	MRIQC-22.0.1	sub-0889	n/a	4	0	0	0	0
ds003097	MRIQC-22.0.1	sub-0890	n/a	4	0	0	0	0
ds003097	MRIQC-22.0.1	sub-0891	n/a	4	0	0	0	0
ds003097	MRIQC-22.0.1	sub-0892	n/a	4	0	0	0	0
ds003097	MRIQC-22.0.1	sub-0893	n/a	4	0	0	0	0
ds003097	MRIQC-22.0.1	sub-0894	n/a	4	0	0	0	0
ds003097	MRIQC-22.0.1	sub-0895	n/a	4	0	0	0	0
ds003097	MRIQC-22.0.1	sub-0896	n/a	4	0	0	0	0
ds003097	MRIQC-22.0.1	sub-0897	n/a	4	0	0	0	0
ds003097	MRIQC-22.0.1	sub-0898	n/a	4	0	0	0	0
ds003097	MRIQC-22.0.1	sub-0899	n/a	4	0	0	0	0
ds003097	MRIQC-22.0.1	sub-0900	n/a	4	0	0	0	0
ds003097	MRIQC-22.0.1	sub-0901	n/a	4	0	0	0	0
ds003097	MRIQC-22.0.1	sub-0902	n/a	3	0	0	0	0
ds003097	MRIQC-22.0.1	sub-0903	n/a	4	0	0	0	0
ds003097	MRIQC-22.0.1	sub-0904	n/a	4	0	0	0	0
ds003097	MRIQC-22.0.1	sub-0905	n/a	4	0	0	0	0
ds003097	MRIQC-22.0.1	sub-0906	n/a	4	0	0	0	0
ds003097	MRIQC-22.0.1	sub-0907	n/a	4	0	0	0	0
ds003097	MRIQC-22.0.1	sub-0908	n/a	3	0	0	0	0
ds003097	MRIQC-22.0.1	sub-0909	n/a	4	0	0	0	0
ds003097	MRIQC-22.0.1	sub-0910	n/a	4	0	0	0	0
ds003097	MRIQC-22.0.1	sub-0911	n/a	4	0	0	0	0
ds003097	MRIQC-22.0.1	sub-0912	n/a	4	0	0	0	0
ds003097	MRIQC-22.0.1	sub-0913	n/a	4	0	0	0	0
ds003097	MRIQC-22.0.1	sub-0914	n/a	4	0	0	0	0
ds003097	MRIQC-22.0.1	sub-0915	n/a	4	0	0	0	0
ds003097	MRIQC-22.0.1	sub-0916	n/a	4	0	0	0	0
ds003097	MRIQC-22.0.1	sub-0917	n/a	4	0	0	0	0
ds003097	MRIQC-22.0.1	sub-0918	n/a	4	0	0	0	0
ds003097	MRIQC-22.0.1	sub-0919	n/a	4	0	0	0	0
ds003097	MRIQC-22.0.1	sub-0920	n/a	4	0	0	0	0
ds003097	MRIQC-22.0.1	sub-0921	n/a	4	0	0	0	0
ds003097	MRIQC-22.0.1	sub-0922	n/a	4	0	0	0	0
ds003097	MRIQC-22.0.1	sub-0923	n/a	4	0	0	0	0
ds003097	MRIQC-22.0.1	sub-0924	n/a	4	0	0	0	0
ds003097	MRIQC-22.0.1	sub-0925	n/a	4	0	0	0	0
ds003097	MRIQC-22.0.1	sub-0926	n/a	4	0	0	0	0
ds003097	MRIQC-22.0.1	sub-0927	n/a	4	0	0	0	0
ds003097	MRIQC-22.0.1	sub-0928	n/a	3	0	0	0	0
